{"file_hashes":[{"block_hashes":["/Ern2kYAcXz0MwQUdPhk741QeC1sXb1flyoVOjlA0RE="],"block_size":4096,"path":"assets/fire.svg"},{"block_hashes":["qDBgUgWNAkHcWF9acSxMTQbh+bnCrWDBw4TKXCzdjlA=","ukXzbUM2pE7EFNeyDVDOWXHmgVFDD7pilUpIq2Uy1XY=","Dfw+ytggH7D4BE4/7IvMQNhOVmXP7uigtaKvfuPun98=","V7rhEuQxpEHGqeg93JOeEfQ9z9aXh9hrOPBJ8Anx8VQ=","lGlThZ8HdlYuBNwckyv9d5Pie1SUSly01Is/fV/3zAs=","Y1hlXTHwlzrE2OzHQq4jw/6Vyt44XEwMgT3ubWeQfxQ=","g3RXQjvsJruqJzStZ+VzCzKJbMlaYWSLdgnt9edfSiE=","45QHzbj+sP73L1JJxqEp/9EbJF7CBkTyCgdFK3JPj74=","V67v5fyUeSCLJSUXArmzPbf2rGz1tyjS2yzXm5Ut0ZA=","3k0S2SMZXoF2lSunb9yAIvDpb2kKWh21PSlicSIDH1I=","e9UAKYxxGLGwaqi6nzIWOVdhqv5OEkCiDSeNpjYbIDE=","ipamgmU8e2hSyGfNtYiaRN+4IXdiGuVp5B2JawWBafQ=","IujJr+BZX0WiB62gWzJH1BBDKYnumOF03j7gnUJFb48=","FjjA5OE3xMW/zug3K7ur8jFf2zOXBl2dxC7yYYB6BiI=","2lvxQawrsm+dTGIxBD+xpp7c/1uOi51kFNQj0A5nocc=","CqZ8SWK9qr5Rx8MJUTUyMJ5bka2FBM+dexa1wY8Zgl0=","hvlws4NSBi0zZFMXqGwgvUYu3f4iA8aIGCp1tYK7RCw=","HTnl0HPwalYnvnlo+31Pa397zsUn2D2LIVcqDRTDHy8=","RI9a0IQ6xlLCoh3oSlmAO4yVWgxE+38Bw1+zPe7vVNc=","pwbI13wp6U/BSzWtZj25PIWXtNJzS+NGlx+9BZfimYI=","kq5CZ3dwe4UvMZr2Xlh4spx+uhpclhbJNUXyPs4jSJY=","tpVrMEvktVng+cpwYRIE3uk46vHinQyAFiPJi+0D0q4=","GfeyMrGRJtFoZQdpbgCBvRPre8F9ij0yMi1/t9i/r10=","Env38wpigTmktmHOTuAlS5JPHeye6txTKVDF1NhdLlI=","QhsNlnrU6vd3jnn0bLIc3z7E/wyqe0jNt2Mwq94wvSs=","i/d9r7I+C8PC+SZVmlPP1ig+LitucpjNNhZC9btnksc=","Urqafoc7yj5wwzAYk+2E3GNbxYrOy9J1pImSdrSBLxk=","UpSLdaF/eJFNo+NdiXIhDBs4Oe2hmhgd+Ido1cW9tZg=","HeyKOTLO2E7nfEcAEVb595nVLTHLJnulK9/4anzq+1o=","oIG6HQ9gwbuaifo1JEfpHyvKbd+6A0DCrAE0qQt2bNk=","An4LqIYuPTitStGIf4CgAjNPugtyxF5zeAOrlTIkUZA=","03ibn8uQeDSy061Jok7228+XrwTlOfTK1Wpjg3zVOXI=","JgPPKiCNrh+5YSN1diICE2whAiqRiH4AvRUM5ERWeZo=","Z21wfXZB8DwtZYqQokrzIpTTiKnhWe5bnNJ9RUjolrw=","Sm0ySGxalvIfYvAN2uPhiImePlagC7dy1e+wweVECXk=","V45KuWhMDq5OVzo1KCCO6PhrRiiAn2vs5hILExOStuQ=","xWjlC6rj3eOD2CsP4kmoKIC3D3pKQI+wd48f3i6oG0g=","+JLWfCXrcpiZ14RrXktVhhetnh/UVLf/sliLeekclPk=","zonEibZzQK+8WxJlVrIcItTRtpmRmGWjGBo+H971gmg=","dAVvjh8TacWq1/y7GPmqDk5bGtLGXXBRlnmC7T9v2/o=","uVl2sOXxJKlPivGZY+knS1F5+7/FnrVEEZJEIaW72lc=","q2jxZRBhQwj6adxqcy8oiUh3ggWSDIhFq3de9coEblw=","Uy9itLKuE4jQzQNNed8O7uHQVrLYpedtVqtEfXkmGHA="],"block_size":4096,"path":"assets/firewatch-bg.jpg"},{"block_hashes":["f8uEFwJoR+M+7OyZtSbNJTndjJa+sAvAKis3JL/hky8="],"block_size":4096,"path":"assets/question.png"},{"block_hashes":["mF6XjLNHn2ujdDh8A0uTyLHANe+Uw/yGyQ9n2toMuLo=","3uttlU4xv4J0RQpxyAs07rA9oFYs0QWybwGh9mYHg30=","Mnfe739Sthgr1h1Bwxf+OOyHnt6WqdXxfei6kzOxUlg=","KfPw9EAtCwZxLWd/HPxaY2HrabYgx0LEOLYvGH9rkGU=","GG5cVdKhzGQZhgmLMN8YMXoD1uvxaU5RPp4NL1rRj2A=","AsHjF2rbT4c15tTHTnSLZAWkhAr9VosRSwJuTRaucuU=","VrYyW2D1un7Udf3qN4Mtnizj5JBCduUAK22IJJkhRjo=","sHc9g9TVQ1divSrYUErR1++wR59jiD5H/7fPCzpKzgk=","t2T7kP4yeNB5rgJoXOeGKM3teWen3HwJjJZy5APxKvg=","f0REiQXBe8qk7Ouripcbd0N8Y9LesSUoFE56Vj9tTbI=","r5J1xC6lbuyYlzHPyEh4gbsr9AbVU7ZQEJRAJ4mJjV0=","QA3E6MUWPn60jyhraDiEWFn5DB0jKKsP6kucAus9PFQ=","Lrgu0us5TkNtxPj/T6Tbm7cMzGaKbbpv8mOFa8yZpXE=","OVj50xgdehSsdkcCz9QKChb8mySfkOqsBKqa8NjmQrw=","dmjay9Qdwa5uIsSR6IIuONOwHj0/jXiGi5bKha40U8M=","gRkq2nemkCgDDNZhuOAHazlDGBOfoKwIyuKvZ/lsmaw=","b3b7AcVVXFv38FyaQicR4ORw1LpZBTU5XgK57ghUYHc=","a1NQpCZ7wP1E7bt43houTcvy/q95YRyLjs24rllhNus=","TF3bf9zD5kIVU+Eva8HMH6d/hkm4/JZ9dfgPsy7ChK4=","+WtzeMWMe0bEJa2dHL/kfZRnq0BZumJvoRW/2LE4LiI=","nLWVoKA/aS9UNpP5KArAQhTacWsIduNPi6UqMnznzUM=","u/Qt7zwLXb9IHzU9zTx2cTZsnbWg4SwVsmOcq9CMD0s=","mS5SGEY4JE4Xi5rCRI7H6JIRa4GUomzkqiCEpKV6XZc=","t3sgmKsowYavwVsXuZaIVPXtQQzPnW92Mleowisk0Gs=","uQf2+TcbwYM/AYjlBBhFgriTe7eANHW+g/du5M0FYEc=","95op0OL4oEJZ3nDAPWndUU/sio8wvI+cRzaTXwXkbD8=","2Bnh49F6tEh1j0BIycDBLdV10dQgjl/17ca1Ol38nS4=","Z2JT4qYp7tmXOjPynKQDLdGx6LuS40GMvrqSsjbgzA4=","N5rdY+xVRo+EH4VdIlDqSp3I0JxaETBtsfWOvI0U48I=","TTdn5LcIqR5eJpYBw/6UfidIJTtwZ5RxlYYKTMzH9Y8=","zK9S5wvlPNt90u6PpZRHU+5gFSmF5T//meSHXA4e98I=","lljRo67WxsYlqx3bL9+C1K+ngUUlNgFWMXSI1U6b4wQ=","4JQ5AEOYyoemsquV//oZ08DyFTWZhNGRm+NVOrK2q2c=","RwrFbAvX04dytTb67c6PdsLth8ZKxxNXbdlMP1udRM4=","eiBz1ZIG7tEK2Za4DbDZi1PHEhHHCsazs7kkkuGGI8k=","JzH+G+ksCLdg6d56qdy6rTkwcXM6hc2ztFiujRfUep8=","nyP7jHjcIs5NkNK0ezvLaFF8TWdrqXxI7EDvtV8Gl8c=","Rmpep2U6b7KMxDJ2crxpc8VZn0+wccaMF38m1Eec6jg=","LoYYNsoJeJzV2YeP49w7nz1DLNOok782mpFFX7mo8AA=","5FtOoKwyHeqjZT/FkW3i7o+o/DkZabyROVHn0v3zTvY=","5pOCP918MC/hLIatrd11pWNxrnZjFdN2sLaD8oIlsec=","NX0iH0IYkTDKXvK3ouMRCqE8c7QJcAyf0lvUg3ZufsY=","lj44gIyAm3xUm5E8sGVYWJAfpZok/jnYnS9AtLq7IJg=","O3+g35qW2SawhgKJ61LJ30+2YgoK6dl4X9DDwYBsEyA=","FC6c06sVR3hRv88c6eE3QR3tsqPgunjUpCqUyn/mXdo=","5CYnU+2fEKIp7IVuUP7Kzm/yym0/yqGyCGtSvQ7ak3o=","LVR3+D8nIq8347yHc5F9KJYDy3pZxvNB7mP07Cyeiyo=","5Brme5/XUe6crqkxKUelFx2OsmeblKIR9OUgLuiEUaU=","z3BJYvGBHjmWd1BBA7r4q4IJp89vpwiS+sAl6jMSv54=","okq5/Er1bsXhimcIILwzKnBjis0aI++j/Sy0bLmUqH8=","prM+BnTCyclH7vXjvYGiUepgidxTNGIcYmofZPenDyA=","UTf1mYdU4hHKTeNKN+cSFoAPGLeXa5OE45HqZrLAcaA=","LI9xmMBPdzbpF3fX0QrIvS/namksAOklqtsPBy9V+38=","zj9hPtKvTa52DF3AFb/awwKX9cIwq+1CJTiDAaQhqnI=","jZcpcL190q7OkfIsYMjSzQNZWruK05pQlnH3QlmuxS4=","ozTQcedYM+MYMNi9VztBXubWC8MdFNJZzadvlUuke/I=","+3/jgRTKKJluBUxPYTn8uLx3N4Zu/r/q4V+I+0jjDps=","VYH98bhHf1YQfWh8Zt55eR9uBLoEYiKtaFekSQvcIFs=","s3dFW04U6wPmOu4z0bTqrEywYG9PVU2OLGuy807JTG0=","6jiQ9P9FwOvLj1pkpc/TI9HXw5fOuuyqJffBHYFY87M=","2DIeu7FqHIiCUz3HVfM98xp1gQcg9HwbUcSV2gsj+/A=","YWyQrIAkcKTxsz4JTne/2x6dhtjPLcJ/8XNjGMXrpxU=","4Ndr8Gp/HKvhp4QKwsvMSi40xCKl8uGMZai5rFF8O4M=","k5sW6N1Ktb+xnyxsQzIqJpuf80gwcPi5JX9iX0vgyh0=","A79Y0WPP6k7ZREPBBjJDFKK5TXycMLUKOqCjox1zuTM=","ipX0kS0xAvR13IL1XJZNOBE4OYceqBuwwvmIC73o2eo=","y70vKG1p1kPBtzdJydFH6yflarL0iIGL6iNA8tLDFyQ=","zOSPA/b2xp4HKPiSuP2dT0/RabnqoYFmt/rysj3AWo8=","bG1dJIYMvY/bSmu+imrr3iNYFAQgrYX/7+X51tCKFjg=","0cu1JBeLEEutt7zd9d6ZV0DloZE9mDQwO6VQ3muI9oI=","Nc16J0epKjg3HPlALT0sFaONUiJ4RLGqxWDpaJM2Qn0=","DfPrE/8x8tzdNOzj1vgI4S7t8yJ7KzxqJQY3jUMLhec="],"block_size":4096,"path":"assets/red-moon-bg.jpg"},{"block_hashes":["mOsYb08yIcuEE/vZe2TXRRkmJeoIQdnrHVgyPa92Rkc="],"block_size":4096,"path":"assets/settings.png"},{"block_hashes":["6KlAKAio0tQRfJeYtqytv/j0kbHy+hnmzE7BAFkfivg=","/9CzJ7I43lyrkBmZedEUHWFeIq7ayiTc+cqyO9gzy5A=","Y67XD5WlSt2HAs6GgYT9VverdAAFY4kwqwxDtbRrPP4=","8gdQiBRj2v3VDBzxJ8GZ+04F5fXVNKB6DwMUqhjsPBQ="],"block_size":4096,"path":"background/b.js"},{"block_hashes":["7YJtOjxe+FEUbkUAZaV3KxRLiWcJgzsWhz+5y57ldZ4=","/ptnFldp9WrDTivHcMlhZZFdZpCUFXxnxQlrRbHcm8U=","/uagmKYftqEpvKNYTdNTujwsaBxOlNU0jA2j9ZtPYwE=","hsXQ1btC21yprDuke2qAM/oqS7m5vy+1IBqejrrS5GY=","4smPd0pThE2M6rw5ouPc98CkZBlBaGz4/ohOUR0XD+g=","0BVo7lstkc988m+67RAZMFb9kUBLHhPTIF6x3ebb/hs=","ABNGweNArkQrf3CsnvO1Vi6MBc53Xz4aBHyxHgtJoac="],"block_size":4096,"path":"content/c.js"},{"block_hashes":["vbK+TxvWBllE+awwlc8RArtGZc9u4FFQGq2MMAByolM=","JiPxncVZTpMtZISEBer1uThT2g7Q6pS5y5uKI+goCOE=","+2IQWN1uBXUk6g4XHEZU7wg4DpIm8yiqAuOAqll6PdA="],"block_size":4096,"path":"content/static/litebotpage/main.html"},{"block_hashes":["6nqTV8mERYD4Vp+6R44gQNZXvrtcCMcqcd/Q8sjY2zU="],"block_size":4096,"path":"content/static/litebotpage/redirect.html"},{"block_hashes":["9voih9qQ7vY38ZpVdjlphkW+ACI/F6Y8Z6AC2ysy7yk="],"block_size":4096,"path":"content/static/litebotpage/redirect.js"},{"block_hashes":["IhcsmbCmepukf/1i44QfetJIBtn4XQgUQqv/u1gw17s="],"block_size":4096,"path":"content/static/style.css"},{"block_hashes":["piy9CX3Ly4Pp9ADJTmAmK3LHoUUfwJ1tQVTNohbJm/8=","8mw1/QysE5l19A6ap0krxeatV/Ab7g6Nb6r32rC84zg=","791s47ynX9YTk4gRI5ldT/5/kVAClL5q9MwIMi0A2Eo=","otyFmg7ThAo+aT6+3gz6iqJqaWKJziYD8sk7lPeu1eg=","Ae/ULEMmAD6lY4243lf25lYBSqZA1GypUUcHPwoehh0=","HAKdsZ68cFY7oNGBUDaVV2lV34HeFS7AkchtoEQ3X/w=","Il4PJngQeuyDtVyxIErHoLIrZQgNKuq/HSkSxv4/gas=","AqqN8GpQ/pCk0g2qA5Gd8crLX4IMPx7A17RfhsGur9w=","8Ilg6dzHLeYn7C8vufoH37M5gSrtO3K3xz3HMd45szk=","H2a64wEwL15yjTLMx6w41mukIYitavTg93LDwVAzKpg=","oDsQuzcWWZQnOqsJX2mqw7Pf7+3Dk8jc7NrDIgDZ8Q8=","2Dd91HQdo0x5WFcwOFHp3uHeQsHhFVIOO9su8Oq6HWY=","1DqXqITYBPxWSrxFflmaYXh6XphZQG/h7ILRldRThAo=","2OhfNMBdP5KxVp12rCyhN4FjOULlQJ0kMZqAPOI0PeI=","uKNqxc6MUk736jREYMQtLI6eqp5oJcDdmfsJtvdPz7o=","vWun+v3aH9z0x0YrWoJjaoi+lOH2i6XUkYxFJGYR294=","apM00mzivPjXtk2m2gYleqUucMcnJSV9MArZEzbqFs4=","t0JqApsOVaVjCxE7AxZ0JAUYUgGfe68bKa1mSTWK7Qo=","K/0maPHAI4bsxj4VxPJBZ6gUeZDCGymuRv1ujaf8v/w=","vVOe/25HhJY0KG2zH8BviKwzdMAR3SG2lQZIwNzz6Rw=","UVPL/G7yGIVmbS5h+sXjXqLrlftDuf5zL7BE49LSK/A="],"block_size":4096,"path":"content/static/themes/dark.css"},{"block_hashes":["i5HM52HrzYfi03L0DYekCAGmrOyPWWCLuX3g5HYUsng=","a4NV6S3U7gqqTAnje6aiC3U7y4VaC4P7HbNQiDlnzSU=","Khd+/e1bKHjWrxxq0YZn/Ti1DCXxUaq9wmb6aiwJkQU=","FdIr4acav3xe+P7iw8IXpw/XFcj+iR7oKvHaF+PgxP8=","aXW22B6B9+0HIvRFoCj1/98ZGjXr19U3sUvexgK+wc0=","uQ6NM3r7IcdOC948PuZszhM+WtsbHo1Io+egJMfAjak=","fE4wxoilyPuMcJOfUx63aFqo++RW5RJGSTqbLiA6shU=","4Dlk5aTtD3uXCi8ZBB4rByJvc6jiYyHP65mjjgYl5rU=","CEiy08ZuIL83PPfd3HSx+lNyqMpaNr21Gy762t3uuHM=","iEIklfWMXhfW0Vwi+24aJoh08XAnrEDk/HrofA/UAKg=","inWLWa3wx2AlBPhs8sbaOVw5vLzNP2rUpAe9BeeTo4A=","fdwirDV4QZ+yffp6qNp4xflaZ1DUZIIncLygW8kuaos=","P3DE0IiMWXEa14l6GVRU+By+rjzRyyDhUj9WurGOEN4=","QoHhe3P7/8V2J49TDogblU6zfpghzmlprRSXlL60zl4=","U6GURK3gaA03hqLlZoUxBWU1Gm2puhQm1OP5dbk70mI=","SNK/OOII+Gu2x05LtjuAwdiC3ApO9PEOault4/iQVWs=","3fSgo7wJrAbUozrVauDQmcU+0FXHIdxU0a6CLMgOEPg=","nm+uiurqmVMjWNUpH2qEpQNPyPOosMnx/eL1OVG6QF8=","gRzCcrZvIaiqEP39BsOWVM4cooq/BhMinzBX+QDAlcc=","RIGV98gLoIpqtWrAeEtQ9nTKnpS5kHiUjE3EnM4OgjU=","MRGfQCvJMHy8Oos/aB1Wf7sFhy4T9gcxXam0tJa46k4=","q749AwuF/P7Lx7lhgqcTgfyw2xxZMj9Pu8AnaA7qFTk=","XXPiCr5AVvzm3wpFZgdCRWmJG7hkr/rq8zIFW5WJueE=","fP65FGPLIIMFKdDSvfp5cuqzJ1DUEfI/U8myb2LGd0Y=","zHKcv8keQ/j9sM66vTuEhnasswWB/GJeR0abBkVbeGU=","vxM7ePK1tZbqJ6U2vZcuttjtXyIrmIZW3Yp/z8Agy+I=","mTHdyA9Wnl26xWFchN0Bud8/tFIGw8DreTq6iZ4OgVw=","xXlwX7JtE1si2CIbWM1syEx/DTTKRuRd8rLM3YZRq4I=","8WJ21WLhh80e5oDXJ7YpHYyW0GDmYGoA4sJ8ptPE2qk=","6upsLvNstV8h2x2Aqrce0iyZHc7SRZzi8eIgNE8ETHY=","hBB7zdd+sKuOSre+Ivgal1DvStzEzl83xlbWmMBWmEg=","MHJxyl8p+AsgprgYRq1KSZD/Izk0rUZW5RcOjzZWzqg=","eUE+UebjDOcQLa4a/iMGgehniNqvxyp0o6v2T/gI0GY=","YrF+oYzKkpeAQDZb1gUYi9JLS3S+BNy0eanAr9Wyz/U=","ruXCZap4VSbna0l0B/CeBh5f5ERGWtRb5/SIc5TFCHE=","xlJgPdhAONCBZ6g6eSeIzKDmbO2Q/aU1Pe4hw9sinNE=","Mk3VkhAhkHLmT1B4N81zPKgM6acQHmeJxQDCHZHcMjg="],"block_size":4096,"path":"content/static/themes/dark_support.css"},{"block_hashes":["p+ublq3uVEHUP5qBudS+CW2M+NDnW7coY0rvXBJeYGI=","kDC/tw7kph6h8nRKwgPiAJMVWXG1lyA08rj/Y54Tpas=","AN0YsXjWI6zuYbkCYeoXUdIGaIhvMsShckte2vEYW8o=","bp+ZBygG4r4MsoDUvfU7fm64fgnivoUP//d1thnAwbw="],"block_size":4096,"path":"content/static/themes/firewatch.css"},{"block_hashes":["o7j/j/S3pE7wAnUh8bxFuZUAAQYkjFXcwZ7ZRZcF+AY=","GdRJR5qZedSNHhR/X22L0MVHLWD8MKFShhnHwHTYU/M=","VX9ZG8nc8cvp+a9fKs9uILBivFd/SPKHP+T4d1WSJeg=","qSO6pCRX9Xd3V7uQbIU0bODgi7JLhy95VsslbrUCQ6M="],"block_size":4096,"path":"content/static/themes/red_moon.css"},{"block_hashes":["0wNGrZLKpLoev085wQhLLt8RgzUHOaBs0RQ+gkNM4EU=","mdjUvN4mCDCtFxwsmyXqi/eeqmqf3k15Ee+CmBxQWSU="],"block_size":4096,"path":"offscreen/o.js"},{"block_hashes":["ywvEKdnLi4pTX4R81uBGQ1uvWPyRyEKc8id0jID/AoI="],"block_size":4096,"path":"offscreen/offscreen.html"}],"version":2}